{
    "camera_matrix": {
        "rows": 3,
        "cols": 3,
        "data": [806.7142265403371, 0, 317.2354485853214, 
                 0, 941.3350377116267, 236.6091014506515, 
                 0, 0, 1]
    },
    "distortion_coefficients": {
        "rows": 5,
        "cols": 1,
        "data": [-0.05256710861654016, 1.431356531301361, 
                -0.0002245010772262836, 0.003289240793738838, 
                -8.353763001129924]
    }
}